<?xml version="1.0" encoding="utf-8" ?>
<!--
Copyright (c) Microsoft Corporation.  All rights reserved.
-->
<!--
Use of this sample source code is subject to the terms of the Microsoft
license agreement under which you licensed this sample source code. If
you did not accept the terms of the license agreement, you are not
authorized to use this sample source code. For the terms of the license,
please see the license agreement between you and Microsoft or, if applicable,
see the LICENSE.RTF on your install media or the root of your tools installation.
THE SAMPLE SOURCE CODE IS PROVIDED "AS IS", WITH NO WARRANTIES.
-->
<SKU DEFAULT_COMPRESSION="0x3" xmlns="http://schemas.microsoft.com/embedded/2004/10/ImageUpdate">
    <PACKAGE_LIST PARTITION_ID="NK">
        <PACKAGE_FILE>OEMXIPKERNEL</PACKAGE_FILE>
    </PACKAGE_LIST>
    <PACKAGE_LIST PARTITION_ID="OS">
    <PACKAGE_FILE>OEMDrivers</PACKAGE_FILE>
    <PACKAGE_FILE>OEMMISC</PACKAGE_FILE>
    <PACKAGE_FILE>OEM_DPI_$(DPI)</PACKAGE_FILE>
{BEGIN MULTILANG}
        <PACKAGE_FILE>OEM_Lang_%LANGID%</PACKAGE_FILE>
{END MULTILANG}
	<PACKAGE_FILE>LangDB</PACKAGE_FILE>
IF IMGTPC
IF _IMGEASTASIA=1
        <PACKAGE_FILE>OEMCommonEA</PACKAGE_FILE>
ELSE
        <PACKAGE_FILE>OEMCommonNonEA</PACKAGE_FILE>
ENDIF ; _IMGEASTASIA=1
ENDIF IMGTPC
IF IMGT9
	<PACKAGE_FILE>T9</PACKAGE_FILE>
ENDIF IMGT9
    </PACKAGE_LIST>
</SKU>
