<?xml version="1.0" encoding="utf-8" ?>
<!--
Copyright (c) Microsoft Corporation.  All rights reserved.
-->
<!--
Use of this sample source code is subject to the terms of the Microsoft
license agreement under which you licensed this sample source code. If
you did not accept the terms of the license agreement, you are not
authorized to use this sample source code. For the terms of the license,
please see the license agreement between you and Microsoft or, if applicable,
see the LICENSE.RTF on your install media or the root of your tools installation.
THE SAMPLE SOURCE CODE IS PROVIDED "AS IS", WITH NO WARRANTIES.
-->
<Package xmlns="http://schemas.microsoft.com/embedded/2004/10/ImageUpdate">
  <Name>T9</Name>
  <PackageGuid>5A2994A2-10A8-43c5-A8FA-AEAE7DE0A2E6</PackageGuid>
  <PackageVersion Major="0" Minor="0" BuildNumber="0" QFELevel="0" />
  <Associations>
    <Association>
      <AssociationGuid>17ED4A45-A974-4e9a-9318-76FF1A9C1D6C</AssociationGuid>
      <AssociationType Key="LOCALE" Value="0409" />
    </Association>
    <Association>
      <AssociationGuid>DCEEB73D-873E-4f6d-A112-5680183F217A</AssociationGuid>
      <AssociationType Key="LOCALE" Value="0407" />
    </Association>
    <Association>
      <AssociationGuid>CF04371F-18FF-4892-843D-E64BABBC83F9</AssociationGuid>
      <AssociationType Key="LOCALE" Value="0804" />
    </Association>
    <Association>
      <AssociationGuid>6F4136C1-3F6C-4089-8A75-8E70BCA8B4CD</AssociationGuid>
      <AssociationType Key="LOCALE" Value="0809" />
    </Association>
    <Association>
      <AssociationGuid>CD549CD4-67D7-4857-8D66-D98FEB16D142</AssociationGuid>
      <AssociationType Key="LOCALE" Value="040C" />
    </Association>
    <Association>
      <AssociationGuid>1FB80C06-5D28-4804-A355-ED505DA1D7DD</AssociationGuid>
      <AssociationType Key="LOCALE" Value="0410" />
    </Association>
    <Association>
      <AssociationGuid>24366587-D4B7-44df-B016-637A379B68A2</AssociationGuid>
      <AssociationType Key="LOCALE" Value="0C0A" />
    </Association>
    <Association>
      <AssociationGuid>557A254E-E00F-483a-B885-61A70C217CD6</AssociationGuid>
      <AssociationType Key="LOCALE" Value="0412" />
    </Association>
    <Association>
      <AssociationGuid>1278F4F5-5E63-44fb-9181-EACE56C1094A</AssociationGuid>
      <AssociationType Key="LOCALE" Value="0411" />
    </Association>
    <Association>
      <AssociationGuid>FF5B99E0-D846-4f7c-9C7D-254D604DE26B</AssociationGuid>
      <AssociationType Key="LOCALE" Value="0404" />
    </Association>
    <Association>
      <AssociationGuid>D156EEEA-42AE-4ec0-A66A-AC7621D09C99</AssociationGuid>
      <AssociationType Key="LOCALE" Value="0413" />
    </Association>
    <Association>
      <AssociationGuid>BB012C7F-05C6-4a16-920B-39456CB25862</AssociationGuid>
      <AssociationType Key="LOCALE" Value="0406" />
    </Association>
    <Association>
      <AssociationGuid>277EC96B-6905-4a6e-A3D2-86D842F8E667</AssociationGuid>
      <AssociationType Key="LOCALE" Value="041D" />
    </Association>
    <Association>
      <AssociationGuid>F5876DBF-C654-4ea5-9C29-A93662A5D5E1</AssociationGuid>
      <AssociationType Key="LOCALE" Value="040B" />
    </Association>
    <Association>
      <AssociationGuid>3AE9BA74-BB87-49c1-95EA-AA3B48A5CB8D</AssociationGuid>
      <AssociationType Key="LOCALE" Value="0414" />
    </Association>
    <Association>
      <AssociationGuid>EB4FDAF7-DACC-47d7-9F7A-D96A68182AFD</AssociationGuid>
      <AssociationType Key="LOCALE" Value="0416" />
    </Association>
    <Association>
      <AssociationGuid>E04A96C7-7355-4c79-A562-1D8765AA049C</AssociationGuid>
      <AssociationType Key="LOCALE" Value="0816" />
    </Association>
    <Association>
      <AssociationGuid>31860433-B893-4ec2-927A-4E186F7ADC21</AssociationGuid>
      <AssociationType Key="LOCALE" Value="0405" />
    </Association>
    <Association>
      <AssociationGuid>3B20033A-EF80-47cd-B47E-82A61C50DE14</AssociationGuid>
      <AssociationType Key="LOCALE" Value="0418" />
    </Association>
    <Association>
      <AssociationGuid>8DDB9705-99E2-4771-8E87-3AC5B653A7E9</AssociationGuid>
      <AssociationType Key="LOCALE" Value="041B" />
    </Association>
    <Association>
      <AssociationGuid>65E46A27-ED55-47eb-AAFD-AC121C46BA20</AssociationGuid>
      <AssociationType Key="LOCALE" Value="0415" />
    </Association>
    <Association>
      <AssociationGuid>E3CA41DB-1B40-42ef-B5F3-FF6131940B78</AssociationGuid>
      <AssociationType Key="LOCALE" Value="040E" />
    </Association>
    <Association>
      <AssociationGuid>40BB3495-15D6-4323-9C15-8768D47EE97C</AssociationGuid>
      <AssociationType Key="LOCALE" Value="041F" />
    </Association>
    <Association>
      <AssociationGuid>F4BD1D93-0FC1-4075-B079-14B927042C5C</AssociationGuid>
      <AssociationType Key="LOCALE" Value="0419" />
    </Association>
    <Association>
      <AssociationGuid>439827D6-ED66-487f-9435-951EA7B2E531</AssociationGuid>
      <AssociationType Key="LOCALE" Value="0408" />
    </Association>
  </Associations>
  <CertPaths>
IF IMGPKGTESTCERTS
    <path>OemTestCA_Root.cer</path>
ENDIF IMGPKGTESTCERTS
IF IMGOEMDOGFOODCERTS
    <path>DogfoodOEMCA_Root.cer</path>
ENDIF IMGOEMDOGFOODCERTS
IF IMGPKGTESTCERTS !
IF IMGOEMDOGFOODCERTS !
    <path>OEMShipCA_Root.cer</path>
ENDIF IMGOEMDOGFOODCERTS !
ENDIF IMGPKGTESTCERTS !
  </CertPaths>
</Package>
